{
  "topics": [
    {
      "header": "RF Nexus",
      "headerColor": "Red",
      "name": "SOON 1",
      "nameColor": "Red",
      "link": "https://example.com/important"
    },
    {
      "header": "UPDATE ",
      "headerColor": "Lime",
      "name": "SOON ",
      "nameColor": "Lime",
      "link": "https://example.com/patchnotes20"
    },
    {
      "header": "EVENTS",
      "headerColor": "Magenta",
      "name": "SOON 3",
      "nameColor": "Magenta",
      "link": "https://example.com/holiday"
    },
    {
      "header": "NEWS",
      "headerColor": "Cyan",
      "name": "SOON 4",
      "nameColor": "Cyan",
      "link": "https://example.com/upcomingupdates"
    },
    {
      "header": "MAINTENANCE",
      "headerColor": "Yellow",
      "name": "SOON 5",
      "nameColor": "Yellow",
      "link": "https://example.com/critical-fixes"
    }
  ]
}
